,Title,Year,Runtime,Genre,Director,Writer,Actor,MPAARating,Description,numUserRatings,numCriticRatings,numIMDBRatings,IMDBRating
0,The Shawshank Redemption,1994,142 min,Crime,Frank Darabont,"Stephen King (short story ""Rita Hayworth and Shawshank Redemption"")",Tim Robbins,Rated R for language and prison violence,"Two imprisoned men bond over a number of years, finding solace and eventual redemption through acts of common decency.","4,120",198,"1,679,862",9.3
1,The Godfather,1972,175 min,Crime,Francis Ford Coppola,Mario Puzo (screenplay),Marlon Brando,R,The aging patriarch of an organized crime dynasty transfers control of his clandestine empire to his reluctant son.,"2,224",207,"1,149,324",9.2
2,The Godfather: Part II,1974,202 min,Crime,Francis Ford Coppola,Francis Ford Coppola (screenplay),Al Pacino,R,"The early life and career of Vito Corleone in 1920s New York is portrayed while his son, Michael, expands and tightens his grip on his crime syndicate stretching from Lake Tahoe, Nevada to pre-revolution 1958 Cuba.",652,149,"786,009",9.0
3,The Dark Knight,2008,152 min,Action,Christopher Nolan,Jonathan Nolan (screenplay),Christian Bale,Rated PG-13 for intense sequences of violence and some menace,"When the menace known as the Joker wreaks havoc and chaos on the people of Gotham, the caped crusader must come to terms with one of the greatest psychological tests of his ability to fight injustice.","4,646",644,"1,664,897",9.0
4,Schindler's List,1993,195 min,Biography,Steven Spielberg,Thomas Keneally (book),Liam Neeson,"Rated R for language, some sexuality and actuality violence","In Poland during World War II, Oskar Schindler gradually becomes concerned for his Jewish workforce after witnessing their persecution by the Nazis.","1,266",174,"859,751",8.9
5,12 Angry Men,1957,96 min,Crime,Sidney Lumet,Reginald Rose (story),Henry Fonda,Not Rated,A jury holdout attempts to prevent a miscarriage of justice by forcing his colleagues to reconsider the evidence.,883,177,"444,465",8.9
6,Pulp Fiction,1994,154 min,Crime,Quentin Tarantino,Quentin Tarantino (story),John Travolta,"Rated R for strong graphic violence and drug use, pervasive strong language and some sexuality","The lives of two mob hit men, a boxer, a gangster's wife, and a pair of diner bandits intertwine in four tales of violence and redemption.","2,191",220,"1,316,678",8.9
7,The Lord of the Rings: The Return of the King,2003,201 min,Action,Peter Jackson,J.R.R. Tolkien (novel),Elijah Wood,Rated PG-13 for intense epic battle sequences and frightening images,Gandalf and Aragorn lead the World of Men against Sauron's army to draw his gaze from Frodo and Sam as they approach Mount Doom with the One Ring.,"3,185",328,"1,208,705",8.9
8,"The Good, the Bad and the Ugly",1966,161 min,Western,Sergio Leone,Luciano Vincenzoni (story),Clint Eastwood,Not Rated,A bounty hunting scam joins two men in an uneasy alliance against a third in a race to find a fortune in gold buried in a remote cemetery.,776,180,"500,543",8.9
9,Fight Club,1999,139 min,Drama,David Fincher,Chuck Palahniuk (novel),Brad Pitt,"Rated R for disturbing and graphic depiction of violent anti-social behavior, sexuality and language","An insomniac office worker, looking for a way to change his life, crosses paths with a devil-may-care soap maker, forming an underground fight club that evolves into something much, much more...","2,962",315,"1,338,813",8.8
10,The Lord of the Rings: The Fellowship of the Ring,2001,178 min,Action,Peter Jackson,J.R.R. Tolkien (novel),Elijah Wood,Rated PG-13 for epic battle sequences and some scary images,A meek Hobbit and eight companions set out on a journey to destroy the One Ring and the Dark Lord Sauron.,"5,057",297,"1,231,936",8.8
11,Star Wars: Episode V - The Empire Strikes Back,1980,124 min,Action,Irvin Kershner,Leigh Brackett (screenplay),Mark Hamill,Rated PG for sci-fi action violence,"After the rebels have been brutally overpowered by the Empire on their newly established base, Luke Skywalker takes advanced Jedi training with Master Yoda, while his friends are pursued by Darth Vader as part of his plan to capture Luke.",896,223,"832,291",8.8
12,Forrest Gump,1994,142 min,Drama,Robert Zemeckis,Winston Groom (novel),Tom Hanks,"Rated PG-13 for drug content, some sensuality and war violence","Forrest Gump, while not intelligent, has accidentally been present at many historic moments, but his true love, Jenny Curran, eludes him.","1,389",147,"1,242,416",8.8
13,Inception,2010,148 min,Action,Christopher Nolan,Christopher Nolan,Leonardo DiCaprio,Rated PG-13 for sequences of violence and action throughout,"A thief, who steals corporate secrets through use of dream-sharing technology, is given the inverse task of planting an idea into the mind of a CEO.","2,799",636,"1,458,389",8.8
14,The Lord of the Rings: The Two Towers,2002,179 min,Action,Peter Jackson,J.R.R. Tolkien (novel),Elijah Wood,Rated PG-13 for epic battle sequences and scary images,"While Frodo and Sam edge closer to Mordor with the help of the shifty Gollum, the divided fellowship makes a stand against Sauron's new ally, Saruman, and his hordes of Isengard.","2,416",294,"1,094,002",8.7
15,One Flew Over the Cuckoo's Nest,1975,133 min,Drama,Milos Forman,Lawrence Hauben (screenplay),Jack Nicholson,R,A criminal pleads insanity after getting into trouble again and once in the mental institution rebels against the oppressive nurse and rallies up the scared patients.,758,149,"676,171",8.7
16,Goodfellas,1990,146 min,Biography,Martin Scorsese,Nicholas Pileggi (book),Robert De Niro,R,Henry Hill and his friends work their way up through the mob hierarchy.,985,192,"724,230",8.7
17,The Matrix,1999,136 min,Action,Lana Wachowski,Lilly Wachowski (as The Wachowski Brothers),Keanu Reeves,Rated R for sci-fi violence and brief language,A computer hacker learns from mysterious rebels about the true nature of his reality and his role in the war against its controllers.,"3,643",310,"1,210,590",8.7
18,Seven Samurai,1954,207 min,Action,Akira Kurosawa,Akira Kurosawa (screenplay),Toshirô Mifune,Unrated,A poor village under attack by bandits recruits seven unemployed samurai to help them defend themselves.,596,153,"227,831",8.7
19,Star Wars: Episode IV - A New Hope,1977,121 min,Action,George Lucas,George Lucas,Mark Hamill,Rated PG for sci-fi violence and brief mild language,"Luke Skywalker joins forces with a Jedi Knight, a cocky pilot, a wookiee and two droids to save the galaxy from the Empire's world-destroying battle-station, while also attempting to rescue Princess Leia from the evil Darth Vader.","1,467",282,"905,644",8.7
20,City of God,2002,130 min,Crime,Fernando Meirelles,Paulo Lins (novel),Alexandre Rodrigues,"Rated R for strong brutal violence, sexuality, drug content and language","Two boys growing up in a violent neighborhood of Rio de Janeiro take different paths: one becomes a photographer, the other a drug dealer.",746,214,"530,350",8.7
21,Se7en,1995,127 min,Crime,David Fincher,Andrew Kevin Walker,Morgan Freeman,"Rated R for grisly afterviews of horrific and bizarre killings, and for strong language","Two detectives, a rookie and a veteran, hunt a serial killer who uses the seven deadly sins as his modus operandi.","1,083",215,"1,017,005",8.6
22,The Silence of the Lambs,1991,118 min,Crime,Jonathan Demme,Thomas Harris (novel),Jodie Foster,R,A young F.B.I. cadet must confide in an incarcerated and manipulative killer to receive his help on catching another serial killer who skins his victims.,915,185,"881,571",8.6
23,It's a Wonderful Life,1946,130 min,Drama,Frank Capra,Frances Goodrich (screenplay),James Stewart,"Rated PG for thematic elements, smoking and some violence",An angel helps a compassionate but despairingly frustrated businessman by showing what life would have been like if he never existed.,704,206,"274,144",8.6
24,The Usual Suspects,1995,106 min,Crime,Bryan Singer,Christopher McQuarrie,Kevin Spacey,Rated R for violence and a substantial amount of strong language,"A sole survivor tells of the twisty events leading up to a horrific gun battle on a boat, which begin when five criminals meet at a seemingly random police lineup.","1,179",162,"736,546",8.6
25,Life Is Beautiful,1997,116 min,Comedy,Roberto Benigni,Vincenzo Cerami (story and screenplay by),Roberto Benigni,Rated PG-13 for holocaust-related thematic elements,"When an open-minded Jewish librarian and his son become victims of the Holocaust, he uses a perfect mixture of will, humor and imagination to protect his son from the dangers around their camp.","1,050",154,"417,051",8.6
26,Léon: The Professional,1994,110 min,Crime,Luc Besson,Luc Besson,Jean Reno,"Rated R for scenes of strong graphic violence, and for language","Mathilda, a 12-year-old girl, is reluctantly taken in by Léon, a professional assassin, after her family is murdered. Léon and Mathilda form an unusual relationship, as she becomes his protégée and learns the assassin's trade.",838,155,"721,090",8.6
27,Once Upon a Time in the West,1968,165 min,Western,Sergio Leone,Sergio Donati (screenplay),Henry Fonda,Rated PG-13 for western violence and brief sensuality,Epic story of a mysterious stranger with a harmonica who joins forces with a notorious desperado to protect a beautiful widow from a ruthless assassin working for the railroad.,564,164,"214,749",8.6
28,Spirited Away,2001,125 min,Animation,Hayao Miyazaki,Hayao Miyazaki,Daveigh Chase,Rated PG for some scary moments,"During her family's move to the suburbs, a sullen 10-year-old girl wanders into a world ruled by gods, witches, and spirits, and where humans are changed into beasts.",901,245,"414,759",8.6
29,Saving Private Ryan,1998,169 min,Action,Steven Spielberg,Robert Rodat,Tom Hanks,"Rated R for intense prolonged realistically graphic sequences of war violence, and for language","Following the Normandy Landings, a group of U.S. soldiers go behind enemy lines to retrieve a paratrooper whose brothers have been killed in action.","2,277",219,"875,516",8.6
30,American History X,1998,119 min,Crime,Tony Kaye,David McKenna,Edward Norton,"Rated R for graphic brutal violence including rape, pervasive language, strong sexuality and nudity",A former neo-nazi skinhead tries to prevent his younger brother from going down the same wrong path that he did.,"1,417",162,"778,186",8.6
31,Interstellar,2014,169 min,Adventure,Christopher Nolan,Jonathan Nolan,Matthew McConaughey,Rated PG-13 for some intense perilous action and brief strong language.,A team of explorers travel through a wormhole in space in an attempt to ensure humanity's survival.,"2,719",712,"918,472",8.6
32,Casablanca,1942,102 min,Drama,Michael Curtiz,Julius J. Epstein (screenplay),Humphrey Bogart,Rated PG for mild violence,"In Casablanca, Morocco in December 1941, a cynical American expatriate meets a former lover, with unforeseen complications.","1,121",242,"385,602",8.6
33,Psycho,1960,109 min,Horror,Alfred Hitchcock,Joseph Stefano (screenplay),Anthony Perkins,R,"A Phoenix secretary steals $40,000 from her employer's client, goes on the run and checks into a remote motel run by a young man under the domination of his mother.","1,036",290,"419,740",8.5
34,City Lights,1931,87 min,Comedy,Charles Chaplin,Charles Chaplin,Charles Chaplin,Passed,"With the aid of a wealthy erratic tippler, a dewy-eyed tramp who has fallen in love with a sightless flower girl accumulates money to be able to help her medically.",218,138,"107,453",8.6
35,Raiders of the Lost Ark,1981,115 min,Action,Steven Spielberg,Lawrence Kasdan (screenplay),Harrison Ford,PG,Archaeologist and adventurer Indiana Jones is hired by the U.S. government to find the Ark of the Covenant before the Nazis.,770,234,"657,390",8.5
36,The Intouchables,2011,112 min,Biography,Olivier Nakache,Olivier Nakache,François Cluzet,Rated R for language and some drug use,"After he becomes a quadriplegic from a paragliding accident, an aristocrat hires a young man from the projects to be his caregiver.",367,309,"499,129",8.6
37,Modern Times,1936,87 min,Comedy,Charles Chaplin,Charles Chaplin (as Charlie Chaplin),Charles Chaplin,G,The Tramp struggles to live in modern industrial society with the help of a young homeless woman.,212,120,"142,009",8.6
38,The Green Mile,1999,189 min,Crime,Frank Darabont,Stephen King (novel),Tom Hanks,"Rated R for violence, language and some sex-related material","The lives of guards on Death Row are affected by one of their charges: a black man accused of child murder and rape, yet who has a mysterious gift.","1,376",185,"777,159",8.5
39,Rear Window,1954,112 min,Mystery,Alfred Hitchcock,John Michael Hayes (screenplay),James Stewart,Approved,A wheelchair-bound photographer spies on his neighbours from his apartment window and becomes convinced one of them has committed murder.,633,178,"314,190",8.5
40,Terminator 2: Judgment Day,1991,137 min,Action,James Cameron,James Cameron,Arnold Schwarzenegger,"Rated R for strong sci-fi action and violence, and for language","A cyborg, identical to the one who failed to kill Sarah Connor, must now protect her young son, John Connor, from a more advanced cyborg, made out of liquid metal.",981,209,"740,733",8.5
41,The Departed,2006,151 min,Crime,Martin Scorsese,William Monahan (screenplay),Leonardo DiCaprio,"Rated R for strong brutal violence, pervasive language, some strong sexual content and drug material",An undercover cop and a mole in the police attempt to identify each other while infiltrating an Irish gang in South Boston.,"2,056",352,"868,101",8.5
42,The Pianist,2002,150 min,Biography,Roman Polanski,Ronald Harwood (screenplay),Adrien Brody,Rated R for violence and brief strong language,A Polish Jewish musician struggles to survive the destruction of the Warsaw ghetto of World War II.,760,193,"494,701",8.5
43,Back to the Future,1985,116 min,Adventure,Robert Zemeckis,Robert Zemeckis,Michael J. Fox,PG,"A young man is accidentally sent thirty years into the past in a time-traveling DeLorean invented by his friend, Dr. Emmett Brown, and must make sure his high-school-age parents unite in order to save his own existence.",802,197,"727,213",8.5
44,Whiplash,2014,107 min,Drama,Damien Chazelle,Damien Chazelle,Miles Teller,Rated R for strong language including some sexual references,A promising young drummer enrolls at a cut-throat music conservatory where his dreams of greatness are mentored by an instructor who will stop at nothing to realize a student's potential.,726,534,"393,300",8.5
45,Gladiator,2000,155 min,Action,Ridley Scott,David Franzoni (story),Russell Crowe,"Rated R for intense, graphic combat","When a Roman general is betrayed and his family murdered by an emperor's corrupt son, he comes to Rome as a gladiator to seek revenge.","2,367",265,"976,864",8.5
46,Memento,2000,113 min,Mystery,Christopher Nolan,Christopher Nolan (screenplay),Guy Pearce,"Rated R for violence, language and some drug content",A man creates a strange system to help him remember things; so he can hunt for the murderer of his wife without his short-term memory loss being an obstacle.,"2,065",274,"840,876",8.5
47,Apocalypse Now,1979,153 min,Drama,Francis Ford Coppola,John Milius,Martin Sheen,"Rated R for disturbing violent images, language, sexual content and some drug use","During the Vietnam War, Captain Willard is sent on a dangerous mission into Cambodia to assassinate a renegade colonel who has set himself up as a god among a local tribe.",980,261,"448,425",8.5
48,The Prestige,2006,130 min,Drama,Christopher Nolan,Jonathan Nolan (screenplay),Christian Bale,Rated PG-13 for violence and disturbing images,Two stage magicians engage in competitive one-upmanship in an attempt to create the ultimate stage illusion.,"1,099",340,"838,289",8.5
49,The Lion King,1994,89 min,Animation,Roger Allers,Irene Mecchi (screenplay),Matthew Broderick,G,Lion cub and future king Simba searches for his identity. His eagerness to please others and penchant for testing his boundaries sometimes gets him into trouble.,652,185,"639,632",8.5
50,Dr. Strangelove or: How I Learned to Stop Worrying and Love the Bomb,1964,95 min,Comedy,Stanley Kubrick,Stanley Kubrick (screenplay),Peter Sellers,"Rated PG for thematic elements, some violent content, sexual humor and mild language",An insane general triggers a path to nuclear holocaust that a war room full of politicians and generals frantically try to stop.,837,190,"340,686",8.5
51,Sunset Blvd.,1950,110 min,Drama,Billy Wilder,Charles Brackett,William Holden,Not Rated,A hack screenwriter writes a screenplay for a former silent-film star who has faded into Hollywood obscurity.,453,189,"138,756",8.5
52,Alien,1979,117 min,Horror,Ridley Scott,Dan O'Bannon (story),Sigourney Weaver,Rated R for sci-fi violence/gore and language,"After a space merchant vessel perceives an unknown transmission as distress call, their landing on the source planet finds one of the crew attacked by a mysterious lifeform. Continuing their journey back to Earth with the attacked crew having recovered and the critter deceased, they soon realize that its life cycle has merely begun.","1,106",390,"560,269",8.5
53,The Great Dictator,1940,125 min,Comedy,Charles Chaplin,Charles Chaplin,Charles Chaplin,Approved,Dictator Adenoid Hynkel tries to expand his empire while a poor Jewish barber tries to avoid persecution from Hynkel's regime.,197,115,"136,613",8.5
54,The Lives of Others,2006,137 min,Drama,Florian Henckel von Donnersmarck,Florian Henckel von Donnersmarck,Ulrich Mühe,Rated R for some sexuality/nudity,"In 1984 East Berlin, an agent of the secret police, conducting surveillance on a writer and his lover, finds himself becoming increasingly absorbed by their lives.",407,215,"257,892",8.5
55,Cinema Paradiso,1988,155 min,Drama,Giuseppe Tornatore,Giuseppe Tornatore (story),Philippe Noiret,Rated R for some sexuality,"A filmmaker recalls his childhood, when he fell in love with the movies at his village's theater and formed a deep friendship with the theater's projectionist.",392,122,"151,331",8.5
56,Paths of Glory,1957,88 min,Drama,Stanley Kubrick,Stanley Kubrick (screenplay),Kirk Douglas,Approved,"After refusing to attack an enemy position, a general accuses the soldiers of cowardice and their commanding officer must defend them.",349,144,"120,274",8.5
57,Django Unchained,2012,165 min,Drama,Quentin Tarantino,Quentin Tarantino,Jamie Foxx,"Rated R for strong graphic violence throughout, a vicious fight, language and some nudity","With the help of a German bounty hunter, a freed slave sets out to rescue his wife from a brutal Mississippi plantation owner.","1,194",765,"947,928",8.5
58,The Shining,1980,144 min,Drama,Stanley Kubrick,Stephen King (novel),Jack Nicholson,R,"A family heads to an isolated hotel for the winter where an evil and spiritual presence influences the father into violence, while his psychic son sees horrific forebodings from the past and of the future.","1,319",253,"606,233",8.4
59,Grave of the Fireflies,1988,89 min,Animation,Isao Takahata,Akiyuki Nosaka (novel),Tsutomu Tatsumi,Unrated,A young boy and his little sister struggle to survive in Japan during World War II.,502,159,"137,152",8.5
60,WALL·E,2008,98 min,Animation,Andrew Stanton,Andrew Stanton (original story by),Ben Burtt,G,"In the distant future, a small waste-collecting robot inadvertently embarks on a space journey that will ultimately decide the fate of mankind.","1,043",421,"713,893",8.4
61,The Dark Knight Rises,2012,164 min,Action,Christopher Nolan,Jonathan Nolan (screenplay),Christian Bale,"Rated PG-13 for intense sequences of violence and action, some sensuality and language","Eight years after the Joker's reign of anarchy, the Dark Knight, with the help of the enigmatic Selina, is forced from his imposed exile to save Gotham City, now on the edge of total annihilation, from the brutal guerrilla terrorist Bane.","2,698",812,"1,136,646",8.5
62,American Beauty,1999,122 min,Drama,Sam Mendes,Alan Ball,Kevin Spacey,"Rated R for strong sexuality, language, violence and drug content",A sexually frustrated suburban father has a mid-life crisis after becoming infatuated with his daughter's best friend.,"2,710",176,"817,978",8.4
63,Aliens,1986,137 min,Action,James Cameron,James Cameron (story),Sigourney Weaver,"Rated R for monster violence, and for language","The planet from Alien (1979) has been colonized, but contact is lost. This time, the rescue team has impressive firepower, but will it be enough?","1,077",249,"485,773",8.4
64,Princess Mononoke,1997,134 min,Animation,Hayao Miyazaki,Hayao Miyazaki,Yôji Matsuda,Rated PG-13 for images of violence and gore,"On a journey to find the cure for a Tatarigami's curse, Ashitaka finds himself in the middle of a war between the forest gods and Tatara, a mining colony. In this quest he also meets San, the Mononoke Hime.",568,173,"219,992",8.4
65,Oldeuboi,2003,120 min,Drama,Chan-wook Park,Garon Tsuchiya (story),Min-sik Choi,"Rated R for strong violence including scenes of torture, sexuality and pervasive language","After being kidnapped and imprisoned for 15 years, Oh Dae-Su is released, only to find that he must find his captor in 5 days.",807,305,"353,722",8.4
66,Citizen Kane,1941,119 min,Drama,Orson Welles,Herman J. Mankiewicz (original screen play),Orson Welles,Approved,"Following the death of a publishing tycoon, news reporters scramble to discover the meaning of his final utterance.","1,224",233,"296,421",8.4
67,Once Upon a Time in America,1984,229 min,Crime,Sergio Leone,Harry Grey (novel),Robert De Niro,"Rated R for strong violence, sexual content, language and some drug use","A former Prohibition-era Jewish gangster returns to the Lower East Side of Manhattan over thirty years later, where he once again must confront the ghosts and regrets of his old life.",494,111,"219,650",8.4
68,North by Northwest,1959,136 min,Action,Alfred Hitchcock,Ernest Lehman,Cary Grant,Approved,"A hapless New York advertising executive is mistaken for a government agent by a group of foreign spies, and is pursued across the country while he looks for a way to survive.",511,201,"219,225",8.4
69,Das Boot,1981,149 min,Adventure,Wolfgang Petersen,Wolfgang Petersen (screenplay),Jürgen Prochnow,Rated R for some war violence and brief language,"The claustrophobic world of a WWII German U-boat; boredom, filth, and sheer terror.",426,96,"167,352",8.4
70,Vertigo,1958,128 min,Mystery,Alfred Hitchcock,Alec Coppel (screenplay),James Stewart,PG,"A San Francisco detective suffering from acrophobia investigates the strange activities of an old friend's wife, all the while becoming dangerously obsessed with her.",688,194,"247,264",8.4
71,Witness for the Prosecution,1957,116 min,Crime,Billy Wilder,Agatha Christie (in Agatha Christie's international stage success),Tyrone Power,Approved,A veteran British barrister must defend his client in a murder trial that has surprise after surprise.,202,75,"62,635",8.4
72,Star Wars: Episode VI - Return of the Jedi,1983,131 min,Action,Richard Marquand,Lawrence Kasdan (screenplay),Mark Hamill,Rated PG for sci-fi action violence,"After rescuing Han Solo from the palace of Jabba the Hutt, the rebels attempt to destroy the second Death Star, while Luke struggles to make Vader return from the dark side of the Force.",646,197,"677,045",8.4
73,M,1931,117 min,Crime,Fritz Lang,Thea von Harbou (script),Peter Lorre,Not Rated,"When the police in a German city are unable to catch a child-murderer, other criminals join in the manhunt.",287,193,"98,507",8.4
74,Reservoir Dogs,1992,99 min,Crime,Quentin Tarantino,Quentin Tarantino,Harvey Keitel,Rated R for strong violence and language,"After a simple jewelry heist goes terribly wrong, the surviving criminals begin to suspect that one of them is a police informant.",928,173,"660,427",8.4
75,Braveheart,1995,178 min,Biography,Mel Gibson,Randall Wallace,Mel Gibson,Rated R for brutal medieval warfare,"When his secret bride is executed for assaulting an English soldier who tried to rape her, William Wallace begins a revolt against King Edward I of England.","1,062",133,"732,683",8.4
76,Amélie,2001,122 min,Comedy,Jean-Pierre Jeunet,Guillaume Laurant (scenario),Audrey Tautou,Rated R for sexual content,"Amélie is an innocent and naive girl in Paris with her own sense of justice. She decides to help those around her and, along the way, discovers love.","1,313",242,"531,249",8.4
77,Requiem for a Dream,2000,102 min,Drama,Darren Aronofsky,Hubert Selby Jr. (based on the book by),Ellen Burstyn,"Rated R for intense depiction of drug addiction, graphic sexuality, strong language and some violence",The drug-induced utopias of four Coney Island people are shattered when their addictions run deep.,"1,913",233,"570,173",8.4
78,A Clockwork Orange,1971,136 min,Crime,Stanley Kubrick,Stanley Kubrick (screenplay),Malcolm McDowell,X,"In future Britain, charismatic delinquent Alex DeLarge is jailed and volunteers for an experimental aversion therapy developed by the government in an effort to solve society's crime problem - but not all goes according to plan.","1,342",218,"554,772",8.4
79,Taxi Driver,1976,113 min,Crime,Martin Scorsese,Paul Schrader,Robert De Niro,R,"A mentally unstable Vietnam War veteran works as a night-time taxi driver in New York City where the perceived decadence and sleaze feeds his urge for violent action, attempting to save a preadolescent prostitute in the process.",882,208,"503,794",8.3
80,Double Indemnity,1944,107 min,Crime,Billy Wilder,Billy Wilder (screenplay),Fred MacMurray,Passed,An insurance representative lets himself be talked into a murder/insurance fraud scheme that arouses an insurance investigator's suspicions.,322,176,"97,219",8.4
81,Toy Story 3,2010,103 min,Animation,Lee Unkrich,John Lasseter (story by),Tom Hanks,G,"The toys are mistakenly delivered to a day-care center instead of the attic right before Andy leaves for college, and it's up to Woody to convince the other toys that they weren't abandoned and to return home.",727,451,"541,014",8.3
82,Lawrence of Arabia,1962,216 min,Adventure,David Lean,T.E. Lawrence (writings),Peter O'Toole,PG,"The story of TE Lawrence, the English officer who successfully united and lead the diverse, often warring, Arab tribes during World War 1 in order to fight the Turks.",557,181,"191,671",8.4
83,To Kill a Mockingbird,1962,129 min,Crime,Robert Mulligan,"Harper Lee (based on her novel ""To Kill a Mockingbird"")",Gregory Peck,Not Rated,"Atticus Finch, a lawyer in the Depression-era South, defends a black man against an undeserved rape charge, and his kids against prejudice.",468,127,"213,649",8.4
84,Eternal Sunshine of the Spotless Mind,2004,108 min,Drama,Michel Gondry,Charlie Kaufman (story),Jim Carrey,"Rated R for language, some drug and sexual content","When their relationship turns sour, a couple undergoes a procedure to have each other erased from their memories. But it is only through the process of loss that they discover what they had to begin with.","1,512",273,"662,938",8.3
85,Amadeus,1984,160 min,Biography,Milos Forman,Peter Shaffer (original stage play),F. Murray Abraham,Rated R for brief nudity,"The incredible story of Wolfgang Amadeus Mozart, told by his peer and secret rival Antonio Salieri - now confined to an insane asylum.",549,134,"269,218",8.3
86,Full Metal Jacket,1987,116 min,Drama,Stanley Kubrick,Gustav Hasford (novel),Matthew Modine,R,A pragmatic U.S. Marine observes the dehumanizing effects the Vietnam War has on his fellow recruits from their brutal boot camp training to the bloody street fighting in Hue.,694,127,"481,985",8.3
87,The Sting,1973,129 min,Comedy,George Roy Hill,David S. Ward,Paul Newman,PG,"In Chicago in September 1936, a young con man seeking revenge for his murdered partner teams up with a master of the big con to win a fortune from a criminal banker.",251,119,"174,541",8.3
88,2001: A Space Odyssey,1968,149 min,Adventure,Stanley Kubrick,Stanley Kubrick (screenplay),Keir Dullea,G,"Humanity finds a mysterious, obviously artificial object buried beneath the Lunar surface and, with the intelligent computer H.A.L. 9000, sets off on a quest.","1,730",284,"424,669",8.3
89,Bicycle Thieves,1948,89 min,Drama,Vittorio De Sica,Cesare Zavattini (story),Lamberto Maggiorani,Not Rated,"Set in Post-WWII Italy, a working class man's bicycle is stolen. He and his son set out to find it.",227,142,"93,842",8.3
90,Singin' in the Rain,1952,103 min,Comedy,Stanley Donen,"Adolph Green (story and screenplay: suggested by the song ""Singin' In The Rain"")",Gene Kelly,Approved,A silent film production company and cast make a difficult transition to sound.,567,169,"149,186",8.3
91,Toy Story,1995,81 min,Animation,John Lasseter,John Lasseter (original story by),Tom Hanks,G,A cowboy doll is profoundly threatened and jealous when a new spaceman figure supplants him as top toy in a boy's room.,383,166,"619,177",8.3
92,Snatch,2000,104 min,Comedy,Guy Ritchie,Guy Ritchie,Jason Statham,"Rated R for strong violence, language and some nudity","Unscrupulous boxing promoters, violent bookmakers, a Russian gangster, incompetent amateur robbers, and supposedly Jewish jewelers fight to track down a priceless stolen diamond.",725,151,"597,784",8.3
93,Monty Python and the Holy Grail,1975,91 min,Adventure,Terry Gilliam,Graham Chapman,Graham Chapman,PG,"King Arthur and his knights embark on a low-budget search for the Grail, encountering many, very silly obstacles.",657,131,"380,184",8.3
94,Inglourious Basterds,2009,153 min,Adventure,Quentin Tarantino,Quentin Tarantino,Brad Pitt,"Rated R for strong graphic violence, language and brief sexuality","In Nazi-occupied France during World War II, a plan to assassinate Nazi leaders by a group of Jewish U.S. soldiers coincides with a theatre owner's vengeful plans for the same.","1,526",486,"878,958",8.3
95,The Kid,1921,68 min,Comedy,Charles Chaplin,Charles Chaplin (as Charlie Chaplin),Charles Chaplin,Not Rated,"The Tramp cares for an abandoned child, but events put that relationship in jeopardy.",114,86,"66,630",8.3
96,L.A. Confidential,1997,138 min,Crime,Curtis Hanson,James Ellroy (novel),Kevin Spacey,"Rated R for strong violence and language, and for sexuality","As corruption grows in 1950s LA, three policemen - one strait-laced, one brutal, and one sleazy - investigate a series of murders with their own brand of justice.",621,177,"412,215",8.3
97,For a Few Dollars More,1965,132 min,Western,Sergio Leone,Sergio Leone (scenario),Clint Eastwood,Approved,Two bounty hunters with the same intentions team up to track down a Western outlaw.,219,115,"156,152",8.3
98,Rashômon,1950,88 min,Crime,Akira Kurosawa,Ryûnosuke Akutagawa (stories),Toshirô Mifune,Unrated,A heinous crime and its aftermath are recalled from differing points of view.,265,151,"101,921",8.3
99,The Apartment,1960,125 min,Comedy,Billy Wilder,Billy Wilder,Jack Lemmon,Approved,"A man tries to rise in his company by letting its executives use his apartment for trysts, but complications and a romance of his own ensue.",239,183,"108,665",8.3
100,Scarface,1983,170 min,Crime,Brian De Palma,Oliver Stone (screenplay),Al Pacino,R,"In Miami in 1980, a determined Cuban immigrant takes over a drug cartel and succumbs to greed.",848,146,"534,270",8.3
101,Indiana Jones and the Last Crusade,1989,127 min,Action,Steven Spielberg,Jeffrey Boam (screenplay),Harrison Ford,PG-13,"When Dr. Henry Jones Sr. suddenly goes missing while pursuing the Holy Grail, eminent archaeologist Indiana Jones must follow in his father's footsteps and stop the Nazis.",476,149,"512,213",8.3
102,Jodaeiye Nader az Simin,2011,123 min,Drama,Asghar Farhadi,Asghar Farhadi,Peyman Moaadi,Rated PG-13 for mature thematic material,A married couple are faced with a difficult decision - to improve the life of their child by moving to another country or to stay in Iran and look after a deteriorating parent who has Alzheimer's disease.,262,354,"150,858",8.4
103,Metropolis,1927,153 min,Drama,Fritz Lang,Thea von Harbou (screenplay),Brigitte Helm,Not Rated,"In a futuristic city sharply divided between the working class and the city planners, the son of the city's mastermind falls in love with a working class prophet who predicts the coming of a savior to mediate their differences.",412,260,"111,206",8.3
104,All About Eve,1950,138 min,Drama,Joseph L. Mankiewicz,Joseph L. Mankiewicz (written for the screen by),Bette Davis,Approved,An ingenue insinuates herself into the company of an established but aging stage actress and her circle of theater friends.,312,118,"82,533",8.3
105,3 Idiots,2009,170 min,Comedy,Rajkumar Hirani,Rajkumar Hirani (screenplay),Aamir Khan,"Rated PG-13 for thematic material, some disturbing images and crude humor","Two friends are searching for their long lost companion. They revisit their college days and recall the memories of their friend who inspired them to think differently, even as the rest of the world called them ""idiots"".",337,50,"204,992",8.4
106,Yojimbo,1961,110 min,Comedy,Akira Kurosawa,Akira Kurosawa (story),Toshirô Mifune,Unrated,A crafty ronin comes to a town divided by two criminal gangs and decides to play them against each other to free the town.,157,141,"73,604",8.3
107,Jagten,2012,115 min,Drama,Thomas Vinterberg,Tobias Lindholm (screenplay),Mads Mikkelsen,"Rated R for sexual content including a graphic image, violence and language","A teacher lives a lonely life, all the while struggling over his son's custody. His life slowly gets better as he finds love and receives good news from his son, but his new luck is about to be brutally shattered by an innocent little lie.",248,349,"168,382",8.3
108,Batman Begins,2005,140 min,Action,Christopher Nolan,Bob Kane (characters),Christian Bale,"Rated PG-13 for intense action violence, disturbing images and some thematic elements","After training with his mentor, Batman begins his fight to free crime-ridden Gotham City from the corruption that Scarecrow and the League of Shadows have cast upon it.","2,681",477,"974,394",8.3
109,The Treasure of the Sierra Madre,1948,126 min,Adventure,John Huston,John Huston (screenplay),Humphrey Bogart,Not Rated,"Fred Dobbs and Bob Curtin, two Americans searching for work in Mexico, convince an old prospector to help them mine for gold in the Sierra Madre Mountains.",211,107,"78,775",8.3
110,Good Will Hunting,1997,126 min,Drama,Gus Van Sant,Matt Damon,Robin Williams,"Rated R for strong language, including some sex-related dialogue","Will Hunting, a janitor at M.I.T., has a gift for mathematics, but needs help from a psychologist to find direction in his life.",679,160,"600,639",8.3
111,Some Like It Hot,1959,120 min,Adventure,Billy Wilder,Billy Wilder (screenplay),Marilyn Monroe,Not Rated,"When two musicians witness a mob hit, they flee the state in an all-female band disguised as women, but further complications set in.",349,181,"174,243",8.3
112,Up,2009,96 min,Animation,Pete Docter,Pete Docter (story by),Edward Asner,Rated PG for some peril and action,"Seventy-eight year old Carl Fredricksen travels to Paradise Falls in his home equipped with balloons, inadvertently taking a young stowaway.",698,407,"660,607",8.3
113,Unforgiven,1992,131 min,Drama,Clint Eastwood,David Webb Peoples,Clint Eastwood,"Rated R for language, and violence, and for a scene of sexuality","Retired Old West gunslinger William Munny reluctantly takes on one last job, with the help of his old partner and a young man.",492,131,"275,943",8.3
114,The Third Man,1949,104 min,Film-Noir,Carol Reed,Graham Greene (by),Orson Welles,Not Rated,"Pulp novelist Holly Martins travels to shadowy, postwar Vienna, only to find himself investigating the mysterious death of an old friend, Harry Lime.",407,216,"113,107",8.3
115,Children of Heaven,1997,89 min,Drama,Majid Majidi,Majid Majidi,Mohammad Amir Naji,Rated PG for some mild language,"After a boy loses his sister's pair of shoes, he goes on a series of adventures in order to find them. When he can't, he tries a new way to ""win"" a new pair.",128,46,"27,197",8.5
116,Raging Bull,1980,129 min,Biography,Martin Scorsese,Jake LaMotta (based on the book by) (as Jake La Motta),Robert De Niro,R,"An emotionally self-destructive boxer's journey through life, as the violence and temper that leads him to the top in the ring destroys his life outside it.",490,151,"233,944",8.3
117,Downfall,2004,156 min,Biography,Oliver Hirschbiegel,Bernd Eichinger (screenplay),Bruno Ganz,"Rated R for strong violence, disturbing images and some nudity","Traudl Junge, the final secretary for Adolf Hitler, tells of the Nazi dictator's final days in his Berlin bunker at the end of WWII.",562,192,"247,095",8.3
118,Inside Out,2015,95 min,Animation,Pete Docter,Pete Docter (original story by),Amy Poehler,Rated PG for mild thematic elements and some action,"After young Riley is uprooted from her Midwest life and moved to San Francisco, her emotions - Joy, Fear, Anger, Disgust and Sadness - conflict on how best to navigate a new city, house, and school.",764,536,"337,694",8.3
119,Die Hard,1988,131 min,Action,John McTiernan,Roderick Thorp (novel),Bruce Willis,R,"John McClane, officer of the NYPD, tries to save his wife Holly Gennaro and several others that were taken hostage by German terrorist Hans Gruber during a Christmas party at the Nakatomi Plaza in Los Angeles.",717,233,"589,264",8.2
120,The Great Escape,1963,172 min,Adventure,John Sturges,Paul Brickhill (book),Steve McQueen,Approved,Allied P.O.W.s plan for several hundred of their number to escape from a German camp during World War II.,298,111,"164,695",8.3
121,Chinatown,1974,130 min,Drama,Roman Polanski,Robert Towne,Jack Nicholson,R,"A private detective hired to expose an adulterer finds himself caught up in a web of deceit, corruption and murder.",460,223,"215,062",8.2
122,Heat,1995,170 min,Action,Michael Mann,Michael Mann,Al Pacino,Rated R for violence and language,A group of professional bank robbers start to feel the heat from police when they unknowingly leave a clue at their latest heist.,882,165,"429,170",8.2
123,Room,2015,118 min,Drama,Lenny Abrahamson,Emma Donoghue (screenplay),Brie Larson,Rated R for language,A young boy is raised within the confines of a small shed.,350,415,"154,061",8.3
124,Pan's Labyrinth,2006,118 min,Drama,Guillermo del Toro,Guillermo del Toro,Ivana Baquero,Rated R for graphic violence and some language,"In the falangist Spain of 1944, the bookish young stepdaughter of a sadistic army officer escapes into an eerie but captivating fantasy world.","1,082",406,"464,842",8.2
125,On the Waterfront,1954,108 min,Crime,Elia Kazan,Budd Schulberg (screenplay),Marlon Brando,Not Rated,An ex-prize fighter turned longshoreman struggles to stand up to his corrupt union bosses.,280,134,"100,210",8.3
126,My Neighbor Totoro,1988,86 min,Animation,Hayao Miyazaki,Hayao Miyazaki,Hitoshi Takagi,G,"When two girls move to the country to be near their ailing mother, they have adventures with the wonderous forest spirits who live nearby.",305,142,"170,774",8.3
127,Ikiru,1952,143 min,Drama,Akira Kurosawa,Akira Kurosawa,Takashi Shimura,Not Rated,A bureaucrat tries to find a meaning in his life after he discovers he has terminal cancer.,155,110,"41,957",8.3
128,Ran,1985,162 min,Action,Akira Kurosawa,Akira Kurosawa (screenplay),Tatsuya Nakadai,R,"Set in Japan in the 16th century (or so), an elderly warlord retires, handing over his empire to his three sons. However, he vastly underestimates how the new-found power will corrupt them, or cause them to turn on each other...and him...",234,145,"77,302",8.3
129,The Gold Rush,1925,95 min,Adventure,Charles Chaplin,Charles Chaplin,Charles Chaplin,Not Rated,A prospector goes to the Klondike in search of gold and finds it and more.,148,101,"67,361",8.3
130,Mr. Smith Goes to Washington,1939,129 min,Comedy,Frank Capra,Sidney Buchman (screen play),James Stewart,Not Rated,"A naive man is appointed to fill a vacancy in the United States Senate. His plans promptly collide with political corruption, but he doesn't back down.",245,96,"76,993",8.3
131,The Bridge on the River Kwai,1957,161 min,Adventure,David Lean,Pierre Boulle (novel),William Holden,Rated PG for mild war violence,"After settling his differences with a Japanese PoW camp commander, a British colonel co-operates to oversee his men's construction of a railway bridge for their captors - while oblivious to a plan by the Allies to destroy it.",271,122,"148,483",8.2
132,The Secret in Their Eyes,2009,129 min,Drama,Juan José Campanella,Eduardo Sacheri,Ricardo Darín,"Rated R for a rape scene, violent images, some graphic nudity and language",A retired legal counselor writes a novel hoping to find closure for one of his past unresolved homicide cases and for his unreciprocated love with his superior - both of which still haunt him decades later.,231,261,"130,750",8.2
133,Blade Runner,1982,117 min,Sci-Fi,Ridley Scott,Hampton Fancher (screenplay),Harrison Ford,Rated R for violence,A blade runner must pursue and try to terminate four replicants who stole a ship in space and have returned to Earth to find their creator.,"1,169",302,"459,274",8.2
134,The Seventh Seal,1957,96 min,Drama,Ingmar Bergman,Ingmar Bergman (play),Max von Sydow,Not Rated,"A man seeks answers about life, death, and the existence of God as he plays chess against the Grim Reaper during the Black Plague.",266,137,"111,209",8.2
135,"Lock, Stock and Two Smoking Barrels",1998,107 min,Comedy,Guy Ritchie,Guy Ritchie,Jason Flemyng,"Rated R for strong violence, pervasive language, sexuality and drug content","A botched card game in London triggers four friends, thugs, weed-growers, hard gangsters, loan sharks and debt collectors to collide with each other in a series of unexpected events, all for the sake of weed, cash and two antique shotguns.",524,116,"412,828",8.2
136,Sunrise,1927,94 min,Drama,F.W. Murnau,Carl Mayer (scenario),George O'Brien,Not Rated,"A married farmer falls under the spell of a slatternly woman from the city, who tries to convince him to drown his wife.",188,162,"28,999",8.3
137,Howl's Moving Castle,2004,119 min,Animation,Hayao Miyazaki,Hayao Miyazaki (screenplay),Chieko Baishô,Rated PG for frightening images and brief mild language,"When an unconfident young woman is cursed with an old body by a spiteful witch, her only chance of breaking the spell lies with a self-indulgent yet insecure young wizard and his companions in his legged, walking castle.",329,212,"212,493",8.2
138,Casino,1995,178 min,Biography,Martin Scorsese,Nicholas Pileggi (book),Robert De Niro,"Rated R for strong brutal violence, pervasive strong language, drug use and some sexuality","Greed, deception, money, power, and murder occur between two mobster best friends and a trophy wife over a gambling empire.",533,133,"331,536",8.2
139,The General,1926,67 min,Action,Clyde Bruckman,Buster Keaton,Buster Keaton,Unrated,"When Union spies steal an engineer's beloved locomotive, he pursues it single-handedly and straight through enemy lines.",240,113,"53,216",8.2
140,Wild Strawberries,1957,91 min,Drama,Ingmar Bergman,Ingmar Bergman,Victor Sjöström,Unrated,"After living a life marked by coldness, an aging professor is forced to confront the emptiness of his existence.",145,113,"62,732",8.2
141,Star Wars: The Force Awakens,2015,136 min,Action,J.J. Abrams,Lawrence Kasdan,Daisy Ridley,Rated PG-13 for sci-fi action violence,"Three decades after the defeat of the Galactic Empire, a new threat arises. The First Order attempts to rule the galaxy and only a ragtag group of heroes can stop them, along with the help of the Resistance.","3,882",776,"556,197",8.2
142,The Elephant Man,1980,124 min,Biography,David Lynch,Christopher De Vore (screenplay),Anthony Hopkins,PG,"A Victorian surgeon rescues a heavily disfigured man who is mistreated while scraping a living as a side-show freak. Behind his monstrous facade, there is revealed a person of intelligence and sensitivity.",355,116,"161,149",8.2
143,Warrior,2011,140 min,Drama,Gavin O'Connor,Gavin O'Connor (screenplay),Tom Hardy,"Rated PG-13 for sequences of intense mixed martial arts fighting, some language and thematic material","The youngest son of an alcoholic former boxer returns home, where he's trained by his father for competition in a mixed martial arts tournament - a path that puts the fighter on a collision course with his estranged, older brother.",512,317,"330,156",8.2
144,The Wolf of Wall Street,2013,180 min,Biography,Martin Scorsese,Terence Winter (screenplay),Leonardo DiCaprio,"Rated R for sequences of strong sexual content, graphic nudity, drug use and language throughout, and for some violence","Based on the true story of Jordan Belfort, from his rise to a wealthy stock-broker living the high life to his fall involving crime, corruption and the federal government.","1,135",606,"773,094",8.2
145,Judgment at Nuremberg,1961,186 min,Drama,Stanley Kramer,Abby Mann,Spencer Tracy,Not Rated,"In 1948, an American court in occupied Germany tries four Nazi judges for war crimes.",174,73,"44,071",8.3
146,A Beautiful Mind,2001,135 min,Biography,Ron Howard,Akiva Goldsman,Russell Crowe,"Rated PG-13 for intense thematic material, sexual content and a scene of violence","After John Nash, a brilliant but asocial mathematician, accepts secret work in cryptography, his life takes a turn for the nightmarish.","1,169",203,"606,375",8.2
147,Tokyo Story,1953,136 min,Drama,Yasujirô Ozu,Kôgo Noda (scenario),Chishû Ryû,Not Rated,An old couple visit their children and grandchildren in the city; but the children have little time for them.,121,132,"26,177",8.3
148,V for Vendetta,2005,132 min,Action,James McTeigue,Lilly Wachowski (screenplay) (as The Wachowski Brothers),Hugo Weaving,Rated R for strong violence and some language,"In a future British tyranny, a shadowy freedom fighter, known only by the alias of ""V"", plots to overthrow it with the help of a young woman.","2,039",525,"787,155",8.2
149,Incendies,2010,139 min,Drama,Denis Villeneuve,Denis Villeneuve (scenario),Lubna Azabal,Rated R for some strong violence and language,"Twins journey to the Middle East to discover their family history, and fulfill their mother's last wishes.",155,226,"79,650",8.2
150,Gran Torino,2008,116 min,Drama,Clint Eastwood,Nick Schenk (screenplay),Clint Eastwood,"Rated R for language throughout, and some violence","Disgruntled Korean War veteran Walt Kowalski sets out to reform his neighbor, a Hmong teenager who tried to steal Kowalski's prized possession: a 1972 Gran Torino.",869,363,"559,009",8.2
151,The Big Lebowski,1998,117 min,Comedy,Joel Coen,Ethan Coen,Jeff Bridges,"Rated R for pervasive strong language, drug content, sexuality and brief violence","""The Dude"" Lebowski, mistaken for a millionaire Lebowski, seeks restitution for his ruined rug and enlists his bowling buddies to help get it.","1,026",249,"534,129",8.2
152,The Message,1976,177 min,Adventure,Moustapha Akkad,H.A.L. Craig,Anthony Quinn,PG,"In the 7th century, Mohammed is visited by Angel Gabriel who urges him to lead the people of Mecca and worship God. But they're exiled in Medina before returning to Mecca to take up arms ...
                    See full summary »",110,18,"28,958",8.5
153,The Deer Hunter,1978,183 min,Drama,Michael Cimino,Michael Cimino (story),Robert De Niro,R,An in-depth examination of the ways in which the U.S. Vietnam War impacts and disrupts the lives of people in a small industrial town in Pennsylvania.,"1,025",138,"231,316",8.2
154,Trainspotting,1996,94 min,Drama,Danny Boyle,Irvine Welsh (novel),Ewan McGregor,"Rated R for graphic heroin use and resulting depravity, strong language, sex, nudity and some violence","Renton, deeply immersed in the Edinburgh drug scene, tries to clean up and get out, despite the allure of the drugs and influence of friends.",512,134,"466,603",8.2
155,Rebecca,1940,130 min,Drama,Alfred Hitchcock,Daphne Du Maurier (celebrated novel),Laurence Olivier,Not Rated,A self-conscious bride is tormented by the memory of her husband's dead first wife.,274,144,"86,931",8.2
156,Fargo,1996,98 min,Crime,Joel Coen,Ethan Coen,William H. Macy,"Rated R for strong violence, language and sexuality",Jerry Lundegaard's inept crime falls apart due to his and his henchmen's bungling and the persistent police work of the quite pregnant Marge Gunderson.,816,200,"451,650",8.2
157,Dial M for Murder,1954,105 min,Crime,Alfred Hitchcock,Frederick Knott (screen play),Ray Milland,PG,"An ex-tennis pro carries out a plot to murder his wife. When things go wrong, he improvises a brilliant plan B.",261,124,"105,719",8.2
158,Gone with the Wind,1939,238 min,Drama,Victor Fleming,"Margaret Mitchell (story of the old south ""Gone with the Wind"")",Clark Gable,G,A manipulative Southern belle carries on a turbulent affair with a blockade runner during the American Civil War.,705,156,"214,207",8.2
159,Captain America: Civil War,2016,147 min,Action,Anthony Russo,Christopher Markus (screenplay),Chris Evans,"Rated PG-13 for extended sequences of violence, action and mayhem",Political interference in the Avengers' activities causes a rift between former allies Captain America and Iron Man.,"1,010",508,"258,350",8.2
160,Cool Hand Luke,1967,126 min,Drama,Stuart Rosenberg,Donn Pearce (screenplay),Paul Newman,PG,A man refuses to conform to life in a rural prison.,262,96,"119,410",8.2
161,How to Train Your Dragon,2010,98 min,Animation,Dean DeBlois,William Davies (screenplay) (as Will Davies),Jay Baruchel,"Rated PG for sequences of intense action and some scary images, and brief mild language","A hapless young Viking who aspires to hunt dragons becomes the unlikely friend of a young dragon himself, and learns there may be more to the creatures than he assumed.",491,288,"482,013",8.2
162,Finding Nemo,2003,100 min,Animation,Andrew Stanton,Andrew Stanton (original story by),Albert Brooks,G,"After his son is captured in the Great Barrier Reef and taken to Sydney, a timid clownfish sets out on a journey to bring him home.",865,299,"687,029",8.2
163,The Sixth Sense,1999,107 min,Drama,M. Night Shyamalan,M. Night Shyamalan,Bruce Willis,Rated PG-13 for intense thematic material and violent images,A boy who communicates with spirits that don't know they're dead seeks the help of a disheartened child psychologist.,"2,071",234,"701,064",8.1
164,Come and See,1985,136 min,Drama,Elem Klimov,Ales Adamovich (screenplay) (as A. Adamovich),Aleksey Kravchenko,Not Rated,"After finding an old rifle, a young boy joins the Soviet resistance movement against ruthless German forces and experiences the horrors of World War II.",400,68,"25,086",8.3
165,The Thing,1982,109 min,Horror,John Carpenter,Bill Lancaster (screenplay),Kurt Russell,R,"It's the first week of winter in 1982. An American Research Base is greeted by an alien force, that can assimilate anything it touches. It's up to the members to stay alive, and be sure of who is human, and who has become one of the Things.",911,296,"256,242",8.2
166,No Country for Old Men,2007,122 min,Crime,Ethan Coen,Joel Coen (screenplay),Tommy Lee Jones,Rated R for strong graphic violence and some language,Violence and mayhem ensue after a hunter stumbles upon a drug deal gone wrong and more than two million dollars in cash near the Rio Grande.,"1,515",488,"608,385",8.1
167,Into the Wild,2007,148 min,Adventure,Sean Penn,Sean Penn (screenplay),Emile Hirsch,Rated R for language and some nudity,"After graduating from Emory University, top student and athlete Christopher McCandless abandons his possessions, gives his entire $24,000 savings account to charity and hitchhikes to Alaska to live in the wilderness. Along the way, Christopher encounters a series of characters that shape his life.",760,274,"423,657",8.2
168,Mary and Max,2009,92 min,Animation,Adam Elliot,Adam Elliot,Toni Collette,Not Rated,"A tale of friendship between two unlikely pen pals: Mary, a lonely, eight-year-old girl living in the suburbs of Melbourne, and Max, a forty-four-year old, severely obese man living in New York.",164,170,"118,397",8.2
169,Gone Girl,2014,149 min,Crime,David Fincher,Gillian Flynn (screenplay),Ben Affleck,"Rated R for a scene of bloody violence, some strong sexual content/nudity, and language","With his wife's disappearance having become the focus of an intense media circus, a man sees the spotlight turned on him when it's suspected that he may not be innocent.","1,123",568,"564,608",8.1
170,Kill Bill: Vol. 1,2003,111 min,Action,Quentin Tarantino,Quentin Tarantino,Uma Thurman,"Rated R for strong bloody violence, language and some sexual content",The Bride wakens from a four-year coma. The child she carried in her womb is gone. Now she must wreak vengeance on the team of assassins who betrayed her - a team she was once part of.,"2,102",354,"731,421",8.1
171,It Happened One Night,1934,105 min,Comedy,Frank Capra,Robert Riskin (screen play),Clark Gable,Unrated,"A spoiled heiress, running away from her family, is helped by a man who is actually a reporter in need of a story.",235,124,"64,471",8.2
172,Life of Brian,1979,94 min,Comedy,Terry Jones,Graham Chapman,Graham Chapman,R,"Brian is born on the original Christmas, in the stable next door. He spends his life being mistaken for a messiah.",319,117,"270,774",8.1
173,Nights of Cabiria,1957,110 min,Drama,Federico Fellini,Maria Molinari (novel),Giulietta Masina,Not Rated,A waifish prostitute wanders the streets of Rome looking for true love but finds only heartbreak.,77,75,"25,664",8.3
174,Rush,2013,123 min,Action,Ron Howard,Peter Morgan,Daniel Brühl,"Rated R for sexual content, nudity, language, some disturbing images and brief drug use",The merciless 1970s rivalry between Formula One rivals James Hunt and Niki Lauda.,475,393,"310,136",8.1
175,There Will Be Blood,2007,158 min,Drama,Paul Thomas Anderson,Paul Thomas Anderson (screenplay),Daniel Day-Lewis,Rated R for some violence,"A story of family, religion, hatred, oil and madness, focusing on a turn-of-the-century prospector in the early days of the business.","1,106",398,"370,834",8.1
176,Hotel Rwanda,2004,121 min,Drama,Terry George,Keir Pearson,Don Cheadle,"Rated PG-13 on appeal for violence, disturbing images and brief strong language","The true story of Paul Rusesabagina, a hotel manager who housed over a thousand Tutsi refugees during their struggle against the Hutu militia in Rwanda.",608,187,"263,202",8.1
177,Platoon,1986,120 min,Drama,Oliver Stone,Oliver Stone,Charlie Sheen,R,A young recruit in Vietnam faces a moral crisis when confronted with the horrors of war and the duality of man.,505,120,"289,995",8.1
178,Zootopia,2016,108 min,Animation,Byron Howard,Byron Howard (story by),Ginnifer Goodwin,"Rated PG for some thematic elements, rude humor and action","In a city of anthropomorphic animals, a rookie bunny cop and a cynical con artist fox must work together to uncover a conspiracy.",393,382,"158,528",8.2
179,The Maltese Falcon,1941,100 min,Crime,John Huston,John Huston (screenplay),Humphrey Bogart,Not Rated,"A private detective takes on a case that involves him with three eccentric criminals, a gorgeous liar, and their quest for a priceless statuette.",341,157,"112,537",8.1
180,Spotlight,2015,128 min,Biography,Tom McCarthy,Josh Singer,Mark Ruffalo,Rated R for some language including sexual references,"The true story of how the Boston Globe uncovered the massive scandal of child molestation and cover-up within the local Catholic Archdiocese, shaking the entire Catholic Church to its core.",402,467,"187,101",8.1
181,The Wages of Fear,1953,131 min,Adventure,Henri-Georges Clouzot,Georges Arnaud (novel),Yves Montand,Not Rated,"In a decrepit South American village, men are hired to transport an urgent nitroglycerine shipment without the equipment that would make it safe.",139,115,"35,190",8.2
182,Network,1976,121 min,Drama,Sidney Lumet,Paddy Chayefsky,Faye Dunaway,R,A television network cynically exploits a deranged former anchor's ravings and revelations about the news media for its own profit.,317,161,"102,810",8.1
183,Mad Max: Fury Road,2015,120 min,Action,George Miller,George Miller,Tom Hardy,"Rated R for intense sequences of violence throughout, and for disturbing images","A woman rebels against a tyrannical ruler in postapocalyptic Australia in search for her home-land with the help of a group of female prisoners, a psychotic worshipper, and a drifter named Max.","1,578",737,"543,832",8.1
184,Butch Cassidy and the Sundance Kid,1969,110 min,Biography,George Roy Hill,William Goldman,Paul Newman,M,Two Western bank/train robbers flee to Bolivia when the law gets too close.,309,130,"151,235",8.1
185,Shutter Island,2010,138 min,Mystery,Martin Scorsese,Laeta Kalogridis (screenplay),Leonardo DiCaprio,"Rated R for disturbing violent content, language and some nudity",A U.S Marshal investigates the disappearance of a murderess who escaped from a hospital for the criminally insane.,965,486,"780,240",8.1
186,The 400 Blows,1959,99 min,Crime,François Truffaut,François Truffaut (scenario),Jean-Pierre Léaud,Not Rated,"Moving story of a young boy who, left without attention, delves into a life of petty crime.",174,165,"69,800",8.1
187,Stand by Me,1986,89 min,Adventure,Rob Reiner,Stephen King (novel),Wil Wheaton,R,"After the death of a friend, a writer recounts a boyhood journey to find the body of a missing boy.",581,98,"269,862",8.1
188,In the Name of the Father,1993,133 min,Biography,Jim Sheridan,"Gerry Conlon (autobiographical book ""Proved Innocent"")",Daniel Day-Lewis,Rated R for language and politically-geneRated violence,A man's coerced confession to an IRA bombing he did not commit results in the imprisonment of his father as well. An English lawyer fights to free them.,157,44,"108,901",8.1
189,12 Years a Slave,2013,134 min,Biography,Steve McQueen,John Ridley (screenplay),Chiwetel Ejiofor,"Rated R for violence/cruelty, some nudity and brief sexuality","In the antebellum United States, Solomon Northup, a free black man from upstate New York, is abducted and sold into slavery.",696,597,"435,528",8.1
190,Persona,1966,85 min,Drama,Ingmar Bergman,Ingmar Bergman (story and screenplay),Bibi Andersson,Not Rated,A nurse is put in charge of an actress who can't talk and finds that the actress's persona is melding with hers.,167,111,"61,160",8.1
191,The Grand Budapest Hotel,2014,99 min,Adventure,Wes Anderson,Stefan Zweig (inspired by the writings of),Ralph Fiennes,"Rated R for language, some sexual content and violence","The adventures of Gustave H, a legendary concierge at a famous hotel from the fictional Republic of Zubrowka between the first and second World Wars, and Zero Moustafa, the lobby boy who becomes his most trusted friend.",642,535,"470,799",8.1
192,Amores Perros,2000,154 min,Drama,Alejandro G. Iñárritu,Guillermo Arriaga (as Guillermo Arriaga Jordán),Emilio Echevarría,"Rated R for violence/gore, language and sexuality","A horrific car accident connects three stories, each involving characters dealing with loss, regret, and life's harsh realities, all in the name of love.",361,157,"172,747",8.1
193,Million Dollar Baby,2004,132 min,Drama,Clint Eastwood,Paul Haggis (screenplay),Hilary Swank,"Rated PG-13 for violence, some disturbing images, thematic material and language",A determined woman works with a hardened boxing trainer to become a professional.,"1,106",268,"479,396",8.1
194,The Princess Bride,1987,98 min,Adventure,Rob Reiner,William Goldman (book),Cary Elwes,PG,"While home sick in bed, a young boy's grandfather reads him a story called The Princess Bride.",717,184,"292,671",8.1
195,Relatos salvajes,2014,122 min,Comedy,Damián Szifrón,Damián Szifrón (as Damián Szifron),Darío Grandinetti,"Rated R for violence, language and brief sexuality",Six short stories that explore the extremities of human behavior involving people in distress.,131,286,"88,033",8.1
196,Ben-Hur,1959,212 min,Adventure,William Wyler,Lew Wallace (novel) (as General Lew Wallace),Charlton Heston,G,"When a Jewish prince is betrayed and sent into slavery by a Roman friend, he regains his freedom and comes back for revenge.",372,115,"159,177",8.1
197,Touch of Evil,1958,95 min,Crime,Orson Welles,Orson Welles (screenplay),Charlton Heston,Rated PG-13 for some violence and drug content,"A stark, perverse story of murder, kidnapping, and police corruption in a Mexican border town.",269,159,"72,529",8.1
198,Hachi: A Dog's Tale,2009,93 min,Drama,Lasse Hallström,Stephen P. Lindsey (screenplay),Richard Gere,G,A college professor's bond with the abandoned dog he takes into his home.,303,84,"153,485",8.1
199,Jurassic Park,1993,127 min,Adventure,Steven Spielberg,Michael Crichton (novel),Sam Neill,Rated PG-13 for intense science fiction terror,"During a preview tour, a theme park suffers a major power breakdown that allows its cloned dinosaur exhibits to run amok.",892,308,"608,919",8.1
200,Nausicaä of the Valley of the Wind,1984,117 min,Animation,Hayao Miyazaki,Hayao Miyazaki (comic),Sumi Shimamoto,Rated PG for violence,Warrior/pacifist Princess Nausicaä desperately struggles to prevent two warring nations from destroying themselves and their dying planet.,181,99,"95,547",8.1
201,The Grapes of Wrath,1940,129 min,Drama,John Ford,Nunnally Johnson (screen play),Henry Fonda,Not Rated,"A poor Midwest family is forced off of their land. They travel to California, suffering the misfortunes of the homeless in the Great Depression.",296,83,"62,788",8.1
202,Annie Hall,1977,93 min,Comedy,Woody Allen,Woody Allen,Woody Allen,PG,Neurotic New York comedian Alvy Singer falls in love with the ditzy Annie Hall.,491,154,"191,662",8.1
203,Deadpool,2016,108 min,Action,Tim Miller,Rhett Reese,Ryan Reynolds,"Rated R for strong violence and language throughout, sexual content and graphic nudity","A former Special Forces operative turned mercenary is subjected to a rogue experiment that leaves him with accelerated healing powers, adopting the alter ego Deadpool.","1,041",576,"458,562",8.1
204,Stalker,1979,163 min,Drama,Andrei Tarkovsky,Arkadiy Strugatskiy (novel),Alisa Freyndlikh,Not Rated,A guide leads two men through an area known as the Zone to find a room that grants wishes.,295,108,"67,941",8.1
205,Before Sunrise,1995,105 min,Drama,Richard Linklater,Richard Linklater,Ethan Hawke,Rated R for some strong language,"A young man and woman meet on a train in Europe, and wind up spending one evening together in Vienna. Unfortunately, both know that this will probably be their only night together.",395,120,"181,857",8.1
206,Gandhi,1982,191 min,Biography,Richard Attenborough,John Briley,Ben Kingsley,PG,"Gandhi's character is fully explained as a man of nonviolence. Through his patience, he is able to drive the British out of the subcontinent. And the stubborn nature of Jinnah and his commitment towards Pakistan is portrayed.",256,95,"170,744",8.1
207,The Bourne Ultimatum,2007,115 min,Action,Paul Greengrass,Tony Gilroy (screenplay),Matt Damon,Rated PG-13 for violence and intense sequences of action,Jason Bourne dodges a ruthless CIA official and his agents from a new assassination program while searching for the origins of his life as a trained killer.,816,325,"485,043",8.1
208,The Truman Show,1998,103 min,Comedy,Peter Weir,Andrew Niccol,Jim Carrey,Rated PG for thematic elements and mild language,An insurance salesman/adjuster discovers his entire life is actually a television show.,875,213,"663,402",8.1
209,Diabolique,1955,116 min,Drama,Henri-Georges Clouzot,Pierre Boileau (novel) (as Boileau),Simone Signoret,Unrated,"The wife of a cruel headmaster and his mistress conspire to kill him, but after the murder is committed, his body disappears, and strange events begin to plague the two women.",150,109,"41,791",8.1
210,Memories of Murder,2003,131 min,Crime,Joon-ho Bong,Joon-ho Bong (as Joon Ho Bong),Kang-ho Song,Unrated,"In 1986, in the province of Gyunggi, in South Korea, a second young and beautiful woman is found dead, raped and tied and gagged with her underwear. Detective Park Doo-Man and Detective Cho...
                    See full summary »",134,146,"66,189",8.1
211,Donnie Darko,2001,113 min,Drama,Richard Kelly,Richard Kelly,Jake Gyllenhaal,"Rated R for language, some drug use and violence","A troubled teenager is plagued by visions of a large bunny rabbit that manipulates him to commit a series of crimes, after narrowly escaping a bizarre accident.","2,102",283,"577,567",8.1
212,Rocky,1976,120 min,Drama,John G. Avildsen,Sylvester Stallone,Sylvester Stallone,PG,"Rocky Balboa, a small-time boxer, gets a supremely rare chance to fight the heavy-weight champion, Apollo Creed, in a bout in which he strives to go the distance for his self-respect.",540,141,"372,656",8.1
213,The Revenant,2015,156 min,Adventure,Alejandro G. Iñárritu,Mark L. Smith (screenplay),Leonardo DiCaprio,"Rated R for strong frontier combat and violence including gory images, a sexual assault, language and brief nudity",A frontiersman on a fur trading expedition in the 1820s fights for survival after being mauled by a bear and left for dead by members of his own hunting team.,"1,177",555,"394,242",8.1
214,8½,1963,138 min,Drama,Federico Fellini,Federico Fellini (story),Marcello Mastroianni,Not Rated,A harried movie director retreats into his memories and fantasies.,220,100,"78,131",8.1
215,The Wizard of Oz,1939,102 min,Adventure,Victor Fleming,Noel Langley (screenplay),Judy Garland,Passed,Dorothy Gale is swept away to a magical land in a tornado and embarks on a quest to see the Wizard who can help her return home.,533,212,"290,314",8.1
216,"Monsters, Inc.",2001,92 min,Animation,Pete Docter,Pete Docter (original story by),Billy Crystal,G,"In order to power the city, monsters have to scare children so that they scream. However, the children are toxic to the monsters, and after a child gets through, two monsters realize things may not be what they think.",589,250,"581,113",8.1
217,Harry Potter and the Deathly Hallows: Part 2,2011,130 min,Adventure,David Yates,Steve Kloves (screenplay),Daniel Radcliffe,Rated PG-13 for some sequences of intense action violence and frightening images,"Harry, Ron and Hermione search for Voldemort's remaining Horcruxes in their effort to destroy the Dark Lord as the final battle rages on at Hogwarts.",807,467,"538,610",8.1
218,The Terminator,1984,107 min,Action,James Cameron,James Cameron,Arnold Schwarzenegger,R,"A human-looking indestructible cyborg is sent from 2029 to 1984 to assassinate a waitress, whose unborn son will lead humanity in a war against the machines, while a soldier from that war is sent to protect her at all costs.",689,230,"596,597",8.1
219,Twelve Monkeys,1995,129 min,Mystery,Terry Gilliam,Chris Marker (film La Jetée),Bruce Willis,Rated R for violence and language,"In a future world devastated by disease, a convict is sent back in time to gather information about the man-made virus that wiped out most of the human population on the planet.",538,143,"460,366",8.1
220,The Best Years of Our Lives,1946,172 min,Drama,William Wyler,Robert E. Sherwood (screen play),Fredric March,Not Rated,Three World War II veterans return home to small-town America to discover that they and their families have been irreparably changed.,235,97,"40,155",8.1
221,Groundhog Day,1993,101 min,Comedy,Harold Ramis,Danny Rubin (screenplay),Bill Murray,Rated PG for some thematic elements,A weatherman finds himself living the same day over and over again.,609,147,"434,678",8.1
222,Sin City,2005,124 min,Crime,Frank Miller,Frank Miller (graphic novels),Mickey Rourke,"Rated R for sustained strong stylized violence, nudity and sexual content including dialogue","A film that explores the dark and miserable town, Basin City, and tells the story of three different people, all caught up in violent corruption.","1,731",374,"653,974",8.1
223,Strangers on a Train,1951,101 min,Crime,Alfred Hitchcock,Raymond Chandler (screen play),Farley Granger,Rated PG for some violence and tension,A psychotic socialite confronts a pro tennis star with a theory on how two complete strangers can get away with murder - a theory that he plans to implement.,263,131,"95,722",8.1
224,Infernal Affairs,2002,101 min,Crime,Wai-Keung Lau,Alan Mak,Andy Lau,Rated R for violence,"A story between a mole in the police department and an undercover cop. Their objectives are the same: to find out who is the mole, and who is the cop.",188,166,"91,272",8.1
225,Kind Hearts and Coronets,1949,106 min,Comedy,Robert Hamer,Roy Horniman (novel),Dennis Price,Not Rated,A distant poor relative of the Duke of D'Ascoyne plots to inherit the title by murdering the eight other heirs who stand ahead of him in the line of succession.,124,92,"26,012",8.2
226,Jaws,1975,124 min,Adventure,Steven Spielberg,Peter Benchley (screenplay),Roy Scheider,PG,"When a gigantic great white shark begins to menace the small island community of Amity, a police chief, a marine scientist and a grizzled fisherman set out to stop it.",957,381,"409,932",8.0
227,La Haine,1995,98 min,Crime,Mathieu Kassovitz,Mathieu Kassovitz,Vincent Cassel,Not Rated,24 hours in the lives of three young men in the French suburbs the day after a violent riot.,165,109,"102,814",8.1
228,Prisoners,2013,153 min,Crime,Denis Villeneuve,Aaron Guzikowski,Hugh Jackman,"Rated R for disturbing violent content including torture, and language throughout","When Keller Dover's daughter and her friend go missing, he takes matters into his own hands as the police pursue multiple leads and the pressure mounts. But just how far will this desperate father go to protect his family?",619,454,"380,255",8.1
229,Barry Lyndon,1975,184 min,Adventure,Stanley Kubrick,Stanley Kubrick (written for the screen by),Ryan O'Neal,PG,An Irish rogue wins the heart of a rich widow and assumes her dead husband's aristocratic position in 18th-century England.,368,119,"100,824",8.1
230,The Battle of Algiers,1966,121 min,Drama,Gillo Pontecorvo,Franco Solinas,Brahim Hadjadj,Not Rated,"In the 1950s, fear and violence escalate as the people of Algiers fight for independence from the French government.",243,131,"36,966",8.1
231,Dog Day Afternoon,1975,125 min,Crime,Sidney Lumet,Frank Pierson (screenplay),Al Pacino,R,A man robs a bank to pay for his lover's operation; it turns into a hostage situation and a media circus.,252,112,"181,480",8.0
232,The Martian,2015,144 min,Adventure,Ridley Scott,Drew Goddard (screenplay),Matt Damon,"Rated PG-13 for some strong language, injury images, and brief nudity.","An astronaut becomes stranded on Mars after his team assume him dead, and must rely on his ingenuity to find a way to signal to Earth that he is alive.","1,014",567,"461,339",8.1
233,Catch Me If You Can,2002,141 min,Biography,Steven Spielberg,Jeff Nathanson (screenplay),Leonardo DiCaprio,Rated PG-13 for some sexual content and brief language,"The true story of Frank Abagnale Jr. who, before his 19th birthday, successfully conned millions of dollars' worth of checks as a Pan Am pilot, doctor, and legal prosecutor.",666,194,"520,639",8.0
234,Yip Man,2008,106 min,Action,Wilson Yip,Edmond Wong (screenplay),Donnie Yen,Rated R for violence,"During the Japanese invasion of 1937, when a wealthy martial artist is forced to leave his home and work to support his family, he reluctantly agrees to train others in the art of Wing Chun for self-defense.",152,104,"166,662",8.1
235,The Imitation Game,2014,114 min,Biography,Morten Tyldum,Graham Moore,Benedict Cumberbatch,"Rated PG-13 for some sexual references, mature thematic material and historical smoking","During World War II, mathematician Alan Turing tries to crack the enigma code with help from fellow mathematicians.",607,452,"461,095",8.1
236,Pirates of the Caribbean: The Curse of the Black Pearl,2003,143 min,Action,Gore Verbinski,Ted Elliott (screen story),Johnny Depp,Rated PG-13 for action/adventure violence,"Blacksmith Will Turner teams up with eccentric pirate ""Captain"" Jack Sparrow to save his love, the governor's daughter, from Jack's former pirate allies, who are now undead.","2,109",271,"805,092",8.1
237,The Help,2011,,Drama,Tate Taylor,Tate Taylor (screenplay),Emma Stone,Rated PG-13 for thematic material,"An aspiring author during the civil rights movement of the 1960s decides to write a book detailing the African-American maids' point of view on the white families for which they work, and the hardships they go through on a daily basis.",456,373,"316,991",8.1
238,Fanny and Alexander,1982,188 min,Drama,Ingmar Bergman,Ingmar Bergman,Bertil Guve,R,"Two young Swedish children experience the many comedies and tragedies of their family, the Ekdahls.",108,87,"43,055",8.1
239,Guardians of the Galaxy,2014,121 min,Action,James Gunn,James Gunn,Chris Pratt,"Rated PG-13 for intense sequences of sci-fi violence and action, and for some language",A group of intergalactic criminals are forced to work together to stop a fanatical warrior from taking control of the universe.,"1,096",653,"674,272",8.1
240,The Avengers,2012,143 min,Action,Joss Whedon,Joss Whedon (screenplay),Robert Downey Jr.,"Rated PG-13 for intense sequences of sci-fi violence and action throughout, and a mild drug reference",Earth's mightiest heroes must come together and learn to fight as a team if they are to stop the mischievous Loki and his alien army from enslaving humanity.,"1,717",703,"988,756",8.1
241,A Fistful of Dollars,1964,99 min,Action,Sergio Leone,Adriano Bolzoni (story) (as A. Bonzzoni),Clint Eastwood,Rated R for violence,"A wandering gunfighter plays two rival families against each other in a town torn apart by greed, pride, and revenge.",235,122,"146,316",8.0
242,Castle in the Sky,1986,125 min,Animation,Hayao Miyazaki,Hayao Miyazaki,Anna Paquin,PG,A young boy and a girl with a magic crystal must race against pirates and foreign agents in a search for a legendary floating castle.,175,138,"98,581",8.1
243,The King's Speech,2010,118 min,Biography,Tom Hooper,David Seidler (screenplay),Colin Firth,Rated R for some language,"The story of King George VI of the United Kingdom of Great Britain and Northern Ireland, his impromptu ascension to the throne and the speech therapist who helped the unsure monarch become worthy of it.",632,477,"500,493",8.0
244,Roman Holiday,1953,118 min,Comedy,William Wyler,Ian McLellan Hunter (screenplay),Gregory Peck,Not Rated,A bored and sheltered princess escapes her guardians and falls in love with an American newsman in Rome.,224,102,"100,055",8.1
245,Throne of Blood,1957,110 min,Drama,Akira Kurosawa,Hideo Oguni (screenplay),Toshirô Mifune,Unrated,"A war-hardened general, egged on by his ambitious wife, works to fulfill a prophecy that he would become lord of Spider's Web Castle.",117,121,"31,525",8.1
246,High Noon,1952,85 min,Thriller,Fred Zinnemann,Carl Foreman (screenplay),Gary Cooper,"Rated PG for some western violence, and smoking","A marshall, personally compelled to face a returning deadly enemy, finds that his own town refuses to help him.",333,152,"79,793",8.1
247,Gangs of Wasseypur,2012,320 min,Action,Anurag Kashyap,Akhilesh Jaiswal,Manoj Bajpayee,Not Rated,"A clash between Sultan and Shahid Khan leads to the expulsion of Khan from Wasseypur, and ignites a deadly blood feud spanning three generations.",163,106,"44,781",8.3
248,Beauty and the Beast,1991,84 min,Animation,Gary Trousdale,Linda Woolverton (animation screenplay by),Paige O'Hara,G,"Belle, whose father is imprisoned by the Beast, offers herself instead, unaware her captor to be an enchanted prince.",341,180,"307,072",8.0
249,In the Mood for Love,2000,98 min,Drama,Kar-Wai Wong,Kar-Wai Wong (as Kar Wai Wong),Tony Chiu Wai Leung,Rated PG for thematic elements and brief language,"Two neighbors, a woman and a man, form a strong bond after both suspect extramarital activities of their spouses. However, they agree to keep their bond platonic so as not to commit similar wrongs.",349,208,"75,244",8.1
